{
  "logistic_regression": {
    "f1_mean": 0.7499947765779451,
    "f1_std": 0.008347883468321372,
    "f1_folds": [
      0.7627737226277372,
      0.7453183520599251,
      0.7477313974591652,
      0.7554744525547445,
      0.7386759581881533
    ]
  },
  "random_forest": {
    "f1_mean": 0.8435599129758498,
    "f1_std": 0.009021517035246764,
    "f1_folds": [
      0.8362919132149902,
      0.8553971486761711,
      0.8516377649325626,
      0.8313725490196079,
      0.8431001890359168
    ]
  },
  "xgboost": {
    "f1_mean": 0.8821577311373205,
    "f1_std": 0.008798580573367281,
    "f1_folds": [
      0.875,
      0.8981288981288982,
      0.8803245436105477,
      0.8838174273858921,
      0.8735177865612648
    ]
  },
  "mlp": {
    "f1_mean": 0.7947485582184113,
    "f1_std": 0.010016586761551127,
    "f1_folds": [
      0.7955555555555556,
      0.7845804988662132,
      0.7841409691629956,
      0.7981859410430839,
      0.8112798264642083
    ]
  }
}