,vibration_rms,temperature_motor,current_phase_avg,pressure_level,rpm,hours_since_maintenance,ambient_temp
count,23042.0,23208.0,23311.0,23118.0,23509.0,24042.0,24042.0
mean,1.6236667823973614,51.404295070665285,8.823828664578954,59.01223289211869,1144.8493172827427,172.6306243240995,12.996397970218785
std,1.081060620888976,12.519279092016973,5.366390909530794,38.723271335160824,912.6709714040571,150.7224686364123,2.8839944354154676
min,0.35,28.0,2.2,10.1,124.1,0.0,8.0
25%,0.82,42.61,4.63,22.7,489.4,42.87,10.5
50%,1.27,50.06,6.43,46.3,856.0,121.61,13.0
75%,2.27,59.9625,13.12,94.7,1676.0,295.575,15.5
max,10.0,95.0,35.0,206.5,4098.8,575.63,18.0
