model_name,mae_hours,rmse_hours,r2,fit_time_s
ridge,114.3826516937578,156.3295430931648,0.6196133383349827,0.09811520576477051
random_forest,54.35743586155529,77.37161657997142,0.9068234760228977,20.189907550811768
xgboost,54.699103401415705,78.32897319703993,0.9045033735669705,2.039344549179077
mlp,55.17035020752114,77.26186673039216,0.9070876260353323,11.719904661178589
