model_name,accuracy,macro_f1,weighted_f1,fit_time_s
logistic_regression,0.842586816385943,0.6751176585416073,0.8703984314949736,0.40502381324768066
random_forest,0.9638178415470992,0.8985251608238688,0.9646949927174336,2.1101486682891846
xgboost,0.9769182782283219,0.9312919914579986,0.9767772518972135,4.360328435897827
mlp,0.943647327926804,0.811461992774612,0.9431397320125211,4.018603324890137
