{
  "Electrical": {
    "precision": 0.4794520547945205,
    "recall": 0.4666666666666667,
    "f1-score": 0.47297297297297297,
    "support": 75.0
  },
  "Hydraulic": {
    "precision": 0.2982456140350877,
    "recall": 0.3148148148148148,
    "f1-score": 0.3063063063063063,
    "support": 54.0
  },
  "Mechanical": {
    "precision": 0.7062146892655368,
    "recall": 0.702247191011236,
    "f1-score": 0.704225352112676,
    "support": 178.0
  },
  "Thermal": {
    "precision": 0.1935483870967742,
    "recall": 0.1935483870967742,
    "f1-score": 0.1935483870967742,
    "support": 31.0
  },
  "accuracy": 0.5414201183431953,
  "macro avg": {
    "precision": 0.4193651862979798,
    "recall": 0.4193192648973729,
    "f1-score": 0.4192632546221824,
    "support": 338.0
  },
  "weighted avg": {
    "precision": 0.5436993549016252,
    "recall": 0.5414201183431953,
    "f1-score": 0.5425018526318635,
    "support": 338.0
  }
}