{
  "bearing": {
    "precision": 0.9348837209302325,
    "recall": 0.9013452914798207,
    "f1-score": 0.9178082191780822,
    "support": 223.0
  },
  "electrical": {
    "precision": 0.928,
    "recall": 0.8854961832061069,
    "f1-score": 0.90625,
    "support": 131.0
  },
  "hydraulic": {
    "precision": 0.9428571428571428,
    "recall": 0.9041095890410958,
    "f1-score": 0.9230769230769231,
    "support": 146.0
  },
  "motor_overheat": {
    "precision": 0.92018779342723,
    "recall": 0.9245283018867925,
    "f1-score": 0.9223529411764706,
    "support": 212.0
  },
  "none": {
    "precision": 0.9846938775510204,
    "recall": 0.9892604344642422,
    "f1-score": 0.986971873858517,
    "support": 4097.0
  },
  "accuracy": 0.9769182782283219,
  "macro avg": {
    "precision": 0.9421245069531251,
    "recall": 0.9209479600156115,
    "f1-score": 0.9312919914579986,
    "support": 4809.0
  },
  "weighted avg": {
    "precision": 0.9767258975166745,
    "recall": 0.9769182782283219,
    "f1-score": 0.9767772518972135,
    "support": 4809.0
  }
}