{
  "threshold": 0.22999999999999998,
  "optimal_threshold": 0.22999999999999998,
  "optimal_cost_eur": 32600.0,
  "cost_fn_eur": 1000.0,
  "cost_fp_eur": 100.0,
  "fn_at_default_0_5": 30,
  "fp_at_default_0_5": 146,
  "fn_at_optimal": 7,
  "fp_at_optimal": 256
}